"","lhs","op","rhs","label","est","se","z","pvalue","ci.lower","ci.upper"
"1","health","~","innovation","c",0.0759769394292762,0.0516845558387558,1.47001242820597,0.141558388006997,-0.0253229285716344,0.177276807430187
"2","opensource","~","health","a",0.166855037124797,0.050537352879399,3.30161806303895,0.000961288693161366,0.0678036456071834,0.265906428642411
"3","innovation","~","opensource","b",-0.035027949436507,0.0519208538652951,-0.674641243909133,0.499903722613476,-0.136790953059053,0.0667350541860386
"4","health","~~","health","",0.992519448535167,0.071631428935801,13.8559213920569,0,0.852124427659857,1.13291446941048
"5","opensource","~~","opensource","",0.970489244874553,0.0700395144205455,13.8563102971752,0,0.83321431911561,1.1077641706335
"6","innovation","~~","innovation","",0.997057171224437,0.0719683625505197,13.854103885225,0,0.856001772599097,1.13811256984978
"7","ab",":=","a*b","ab",-0.0058445898036339,0.00898299377542775,-0.650628281589296,0.51528646932038,-0.0234509340768198,0.011761754469552
"8","total",":=","c+(a*b)","total",0.0701323496256423,0.0509070257069076,1.37765561141644,0.168309642290566,-0.0296435873199512,0.169908286571236
