"","raw_alpha","std.alpha","G6(smc)","average_r","S/N","alpha se","var.r","med.r"
"Open.source",0.287828947368421,0.309509838495765,0.457029604551114,0.0822735449993253,0.44824655838904,0.283750035725913,0.0716368389281503,0.109108945117996
"Health",0.598958333333333,0.55975433416646,0.542563471692596,0.202737359274288,1.27145904572768,0.142976418408998,0.166992038388622,0.340289119671814
"Open.collaboration.1",0.489864864864865,0.43219947726537,0.415630049782587,0.132122524151778,0.76118189392257,0.190858692825836,0.157967420265336,0
"Open.innovation.1",0.65377532228361,0.631487285372861,0.566468196503987,0.25524426193629,1.71361057653546,0.12814959242731,0.115394106392142,0.29809118162261
"Open.source.1",0.287828947368421,0.309509838495765,0.457029604551114,0.0822735449993253,0.44824655838904,0.283750035725913,0.0716368389281503,0.109108945117996
"Health.1",0.593952483801296,0.589861402462926,0.535835480820998,0.223385439309129,1.438200174295,0.164617267721611,0.117122556462248,0.247783994174303
