"","n","raw.r","std.r","r.cor","r.drop","mean","sd"
"Open.source",16,0.845154254728517,0.794646714677893,0.667892929435589,0.688247201611685,0.5,0.516397779494322
"Health",16,0.390360029179413,0.429607926613446,0.212893855189432,0.105409255338946,0.75,0.447213595499958
"Open.collaboration.1",16,0.574988908499946,0.64359047388407,0.60399751143657,0.394622801833796,0.125,0.341565025531987
"Open.innovation.1",16,0.189466186686268,0.270497439965519,0.0614890503836991,-0.075589324942334,0.1875,0.403112887414928
"Open.source.1",16,0.845154254728517,0.794646714677893,0.667892929435589,0.688247201611685,0.5,0.516397779494322
"Health.1",16,0.433050190546624,0.367038513905231,0.214900068709831,0.131597444110017,0.6875,0.478713553878169
